binhdinh.vn.,
dacsan.binhdinh.vn.,
stoneviendong.binhdinh.vn.,mail.stoneviendong.binhdinh.vn.
aec.binhdinh.vn.,mail.aec.binhdinh.vn.
nuocnongthon.binhdinh.vn.,mail.nuocnongthon.binhdinh.vn.
quyhotrongudan.binhdinh.vn.,mail.quyhotrongudan.binhdinh.vn.
thongtinkhcn.binhdinh.vn.,mail.thongtinkhcn.binhdinh.vn.
shop.binhdinh.vn.,
hyundai.binhdinh.vn.,
hoithuyloi.binhdinh.vn.,mail.hoithuyloi.binhdinh.vn.
