aeroflot.hanoi.vn.,mail.aeroflot.hanoi.vn.
anphat.hanoi.vn.,
ama.hanoi.vn.,
actax.hanoi.vn.,
bancanho.hanoi.vn.,mx2.zoho.com.bancanho.hanoi.vn.
bosch.hanoi.vn.,
anbinhcity.hanoi.vn.,
airasia.hanoi.vn.,mail.airasia.hanoi.vn.
alpha.hanoi.vn.,mail.alpha.hanoi.vn.
benhxahoi.hanoi.vn.,
anbinh.hanoi.vn.,mail.anbinh.hanoi.vn.
airmacau.hanoi.vn.,mail.airmacau.hanoi.vn.
bentley.hanoi.vn.,
bannha.hanoi.vn.,
bangtai.hanoi.vn.,
atlanta.hanoi.vn.,
americanairlines.hanoi.vn.,
ana.hanoi.vn.,mail.ana.hanoi.vn.
bangtaicongnghiep.hanoi.vn.,
cameragiamsat.hanoi.vn.,mail.cameragiamsat.hanoi.vn.
capquangviettel.hanoi.vn.,
asiana.hanoi.vn.,
battrang.hanoi.vn.,
banhtrungthukhachsan.hanoi.vn.,mail.banhtrungthukhachsan.hanoi.vn.
bhtn.hanoi.vn.,mx.yandex.ru.
brg.hanoi.vn.,mail.brg.hanoi.vn.
canhochungcu.hanoi.vn.,
chevroletcruze.hanoi.vn.,mail.chevroletcruze.hanoi.vn.
bds.hanoi.vn.,mail.bds.hanoi.vn.
chothuevanphong.hanoi.vn.,
chinaairlines.hanoi.vn.,mail.chinaairlines.hanoi.vn.
asianaairlines.hanoi.vn.,mail.asianaairlines.hanoi.vn.
chothuexe.hanoi.vn.,
bannhadat.hanoi.vn.,
batdongsan.hanoi.vn.,
cebupacific.hanoi.vn.,mail.cebupacific.hanoi.vn.
daihoc.hanoi.vn.,
cmctelecom.hanoi.vn.,
chevrolet.hanoi.vn.,
chungcu.hanoi.vn.,
daotaoseo.hanoi.vn.,mail.daotaoseo.hanoi.vn.
denled.hanoi.vn.,
chinaair.hanoi.vn.,mail.chinaair.hanoi.vn.
chinaeastern.hanoi.vn.,mail.chinaeastern.hanoi.vn.
chinasouthern.hanoi.vn.,mail.chinasouthern.hanoi.vn.
aodoan.hanoi.vn.,
dulichthailan.hanoi.vn.,
fagor.hanoi.vn.,
cmc.hanoi.vn.,
dentrangtri.hanoi.vn.,
emirates.hanoi.vn.,mail.emirates.hanoi.vn.
etihad.hanoi.vn.,mail.etihad.hanoi.vn.
dogothachthat.hanoi.vn.,
dienlanh.hanoi.vn.,
dailoi.hanoi.vn.,
duansungroup.hanoi.vn.,
duoc.hanoi.vn.,
dulichbavi.hanoi.vn.,
dkmmotor.hanoi.vn.,
dodungkhachsan.hanoi.vn.,
banbuonquanaotreem.hanoi.vn.,mail.banbuonquanaotreem.hanoi.vn.
gamudacity.hanoi.vn.,
ecogreencity.hanoi.vn.,
dulichviet.hanoi.vn.,
evaairways.hanoi.vn.,mail.evaairways.hanoi.vn.
emeraldcenterpark.hanoi.vn.,
giachevrolet.hanoi.vn.,
evaair.hanoi.vn.,mail.evaair.hanoi.vn.
fordkhuyenmai.hanoi.vn.,mail.fordkhuyenmai.hanoi.vn.
giaydantuong.hanoi.vn.,
fpttelecom.hanoi.vn.,mail.fpttelecom.hanoi.vn.
hanoi.vn.,
gianphoithongminh.hanoi.vn.,
himlamlongbien.hanoi.vn.,
flyscoot.hanoi.vn.,mail.flyscoot.hanoi.vn.
gia.hanoi.vn.,7ea3d4ab5f2e43a9a5615997ba1c14.pamx1.hotmail.com.
giocha.hanoi.vn.,mail.giocha.hanoi.vn.
hoclaixe.hanoi.vn.,
hava.hanoi.vn.,
giasu.hanoi.vn.,
homestay.hanoi.vn.,
hotel.hanoi.vn.,
hdc.hanoi.vn.,3ed81253f79145a52c49e64693e41e.pamx1.hotmail.com.
cualuoichongmuoi.hanoi.vn.,
hr.hanoi.vn.,
hoanggia.hanoi.vn.,mail.hoanggia.hanoi.vn.
imperiaskygarden.hanoi.vn.,
hoaphat.hanoi.vn.,
hoctot.hanoi.vn.,mail.hoctot.hanoi.vn.
hocielts.hanoi.vn.,
hondaototayho.hanoi.vn.,
forevermark.hanoi.vn.,
koreanair.hanoi.vn.,mail.koreanair.hanoi.vn.
laoairlines.hanoi.vn.,mail.laoairlines.hanoi.vn.
hongkongairlines.hanoi.vn.,mail.hongkongairlines.hanoi.vn.
maxland.hanoi.vn.,
maychamcong.hanoi.vn.,
kimlientour.hanoi.vn.,
gamuda.hanoi.vn.,
incardvisit.hanoi.vn.,
fami.hanoi.vn.,mail.fami.hanoi.vn.
hyundaiphamvandong.hanoi.vn.,
kangaroo.hanoi.vn.,
japanairlines.hanoi.vn.,mail.japanairlines.hanoi.vn.
land.hanoi.vn.,
ford.hanoi.vn.,ford.hanoi.vn.
internet.hanoi.vn.,
giasu24h.hanoi.vn.,
linhkiendienthoai.hanoi.vn.,
190.hanoi.vn.,mail.190.hanoi.vn.
khoahocseo.hanoi.vn.,mail.khoahocseo.hanoi.vn.
jetstar.hanoi.vn.,mail.jetstar.hanoi.vn.
camera.hanoi.vn.,
luatsuchinhphap.hanoi.vn.,
lamdep.hanoi.vn.,mail.lamdep.hanoi.vn.
luatsu.hanoi.vn.,
lionair.hanoi.vn.,mail.lionair.hanoi.vn.
giamcan.hanoi.vn.,
louiscity.hanoi.vn.,
lexus.hanoi.vn.,
lophoctoeic.hanoi.vn.,
mercedes.hanoi.vn.,
malindoair.hanoi.vn.,mail.malindoair.hanoi.vn.
malaysiairlines.hanoi.vn.,mail.malaysiairlines.hanoi.vn.
melia.hanoi.vn.,melia.hanoi.vn.
maserati.hanoi.vn.,
mik.hanoi.vn.,
maychaybo.hanoi.vn.,
maychu.hanoi.vn.,
mu.hanoi.vn.,
mercedes-benz.hanoi.vn.,
mayphatdien.hanoi.vn.,
phongthuy.hanoi.vn.,
it.hanoi.vn.,
maynenkhi.hanoi.vn.,mail.maynenkhi.hanoi.vn.
nguonnhanluc.hanoi.vn.,
muabannhadat.hanoi.vn.,mail.muabannhadat.hanoi.vn.
mitsubishi.hanoi.vn.,ASPMX.L.GOOGLE.COM.
mobitv.hanoi.vn.,
noithatvina.hanoi.vn.,
monngon.hanoi.vn.,
mangfpt.hanoi.vn.,
nhanluc.hanoi.vn.,
nhachungcu.hanoi.vn.,
nhakhoanucuoi.hanoi.vn.,
namcuong.hanoi.vn.,namcuong.hanoi.vn.
nghiloc1.hanoi.vn.,
fpt.hanoi.vn.,mail.fpt.hanoi.vn.
noithathoaphat.hanoi.vn.,mail.noithathoaphat.hanoi.vn.
nissan.hanoi.vn.,
noithatnhapkhau.hanoi.vn.,mail.noithatnhapkhau.hanoi.vn.
noithatviet.hanoi.vn.,
nhadat.hanoi.vn.,
nipponairways.hanoi.vn.,mail.nipponairways.hanoi.vn.
oto.hanoi.vn.,mail.oto.hanoi.vn.
mobifone.hanoi.vn.,mail.mobifone.hanoi.vn.
chungminhtaichinh.hanoi.vn.,mail.chungminhtaichinh.hanoi.vn.
parkcity.hanoi.vn.,
renault.hanoi.vn.,
riverapark.hanoi.vn.,
philippineairlines.hanoi.vn.,mail.philippineairlines.hanoi.vn.
starlake.hanoi.vn.,
spgmotor.hanoi.vn.,
qatarairways.hanoi.vn.,mail.qatarairways.hanoi.vn.
rauantoan.hanoi.vn.,
phukiennongnghiep.hanoi.vn.,
sanbatdongsan.hanoi.vn.,mail.sanbatdongsan.hanoi.vn.
quangcao.hanoi.vn.,
rausach.hanoi.vn.,
qantas.hanoi.vn.,mail.qantas.hanoi.vn.
sunshineriverside.hanoi.vn.,
sunshine.hanoi.vn.,
tanhoangminh.hanoi.vn.,
singaporeairlines.hanoi.vn.,mail.singaporeairlines.hanoi.vn.
sctv.hanoi.vn.,
singaporeair.hanoi.vn.,mail.singaporeair.hanoi.vn.
tasco.hanoi.vn.,tasco.hanoi.vn.
soyte.hanoi.vn.,
suativi.hanoi.vn.,
sungroup.hanoi.vn.,
suzukicaugiay.hanoi.vn.,
teka.hanoi.vn.,
thegoldenpalm.hanoi.vn.,mail.thegoldenpalm.hanoi.vn.
tcfc.hanoi.vn.,mail.tcfc.hanoi.vn.
nhathongminh.hanoi.vn.,mail.nhathongminh.hanoi.vn.
thietkechungcu.hanoi.vn.,
thicongkaraoke.hanoi.vn.,
sungrandcity.hanoi.vn.,
tata.hanoi.vn.,
thanhlapcongty.hanoi.vn.,mail.thanhlapcongty.hanoi.vn.
thanhnhanhospital.hanoi.vn.,
thanhlapdoanhnghiep.hanoi.vn.,
tochucsukien.hanoi.vn.,
tigerair.hanoi.vn.,mail.tigerair.hanoi.vn.
tourhongkong.hanoi.vn.,
thietkekaraoke.hanoi.vn.,
thuexe.hanoi.vn.,
tanvuong.hanoi.vn.,mail.tanvuong.hanoi.vn.
thaiairways.hanoi.vn.,mail.thaiairways.hanoi.vn.
thongtinnhadat.hanoi.vn.,
thoatvidiadem.hanoi.vn.,
thietkeweb.hanoi.vn.,
trimun.hanoi.vn.,
twayair.hanoi.vn.,mail.twayair.hanoi.vn.
pacific.hanoi.vn.,
turkishairlines.hanoi.vn.,
thungrac.hanoi.vn.,
shop.hanoi.vn.,
sofanhapkhau.hanoi.vn.,
vanphongao.hanoi.vn.,
vanphongchothue.hanoi.vn.,
thucphamsach.hanoi.vn.,
united.hanoi.vn.,
tranhdantuong.hanoi.vn.,
truyenhinhcap.hanoi.vn.,
trancongchau.hanoi.vn.,mail.trancongchau.vn.
toyota.hanoi.vn.,toyota.hanoi.vn.
vesinhcongnghiep.hanoi.vn.,
vingroup.hanoi.vn.,
unitedairlines.hanoi.vn.,mail.unitedairlines.hanoi.vn.
vietlott.hanoi.vn.,
betongtuoi.hanoi.vn.,mail.betongtuoi.hanoi.vn.
store.hanoi.vn.,
trieuson.hanoi.vn.,mail.trieuson.hanoi.vn.
vietnambooking.hanoi.vn.,
vanillaair.hanoi.vn.,mail.vanillaair.hanoi.vn.
vere.hanoi.vn.,
vanphongthongminh.hanoi.vn.,mail.vanphongthongminh.hanoi.vn.
vieclam.hanoi.vn.,
luyenthiielts.hanoi.vn.,
vietravel.hanoi.vn.,
vemaybay.hanoi.vn.,mail.vemaybay.hanoi.vn.
vietjetair.hanoi.vn.,ASPMX.L.GOOGLE.COM.
viettravel.hanoi.vn.,
vietjet.hanoi.vn.,mail.vietjet.hanoi.vn.
vietnamairlines.hanoi.vn.,ASPMX.L.GOOGLE.COM.
vinaincon.hanoi.vn.,
viettel.hanoi.vn.,
vinhomes.hanoi.vn.,
vnpt-vinaphone.hanoi.vn.,
vietteltelecom.hanoi.vn.,
vnpt.hanoi.vn.,mail.vnpt.hanoi.vn.
vietstar.hanoi.vn.,mail.vietstar.hanoi.vn.
vincity.hanoi.vn.,
vnpttelecom.hanoi.vn.,
vinhomesriverside.hanoi.vn.,
vinatourist.hanoi.vn.,aspmx.l.google.com.
vmac.hanoi.vn.,ALT1.ASPMX.L.GOOGLE.COM.
tourist.hanoi.vn.,mail.tourist.hanoi.vn.
vinhomesgallery.hanoi.vn.,
vtvcab.hanoi.vn.,mail.vtvcab.hanoi.vn.
web.hanoi.vn.,ASPMX.L.GOOGLE.COM.
vtv.hanoi.vn.,mail.vtv.hanoi.vn.
vtvnet.hanoi.vn.,vtvnet.hanoi.vn.
vonguyengiap.hanoi.vn.,
xeoto.hanoi.vn.,mail.xeoto.hanoi.vn.
xuongmaygiacong.hanoi.vn.,
xedulich.hanoi.vn.,aspmx.l.google.com.
vtravel.hanoi.vn.,mail.vtravel.hanoi.vn.
xuatkhaulaodong.hanoi.vn.,
volkswagen.hanoi.vn.,
volvo.hanoi.vn.,
theemerald.hanoi.vn.,
travel.hanoi.vn.,mail.travel.hanoi.vn.
chungcuvincity.hanoi.vn.,connection
hafele.hanoi.vn.,connection
hello.hanoi.vn.,connection
muabanoto.hanoi.vn.,connection
noithatvanphong.hanoi.vn.,connection
satthep.hanoi.vn.,connection
