actioncoach.ac.vn.,
aitcv.ac.vn.,smtp.secureserver.net.
acrs2005.ac.vn.,
cenre.ac.vn.,aspmx.l.google.com.
ac.vn.,
cisco.ac.vn.,
baigiang.ac.vn.,mail.baigiang.ac.vn.
ans.ac.vn.,ASPMX.L.GOOGLE.COM.
cethcm.ac.vn.,
cameraquansat.ac.vn.,
clst.ac.vn.,
daikin.ac.vn.,
cecodes.ac.vn.,
ctctt.ac.vn.,
aplus.ac.vn.,mx.zoho.com.
adayroi.ac.vn.,
agi.ac.vn.,mail.netnam.vn.
aptech.ac.vn.,aspmx.l.google.com.
adr.ac.vn.,
firi.ac.vn.,mail.netnam.vn.
giri.ac.vn.,aspmx.l.google.com.
gen.ac.vn.,
iami.ac.vn.,
dba.ac.vn.,
icst.ac.vn.,
edu.ac.vn.,
hocmai.ac.vn.,aspmx.l.google.com.
hto.ac.vn.,
hvnet.ac.vn.,
galileo.ac.vn.,
hannom.ac.vn.,mail.hannom.ac.vn.
ict.ac.vn.,mail.ict.ac.vn.
hoangnguyen.ac.vn.,
ielts.ac.vn.,
hoasen.ac.vn.,
beyondcoal.ac.vn.,custmx.cscdns.net.
htd.ac.vn.,htd.ac.vn.
imech.ac.vn.,mail.imech.ac.vn.
hieuhoc.ac.vn.,
genome.ac.vn.,mail.genome.ac.vn.
ios.ac.vn.,ASPMX.L.GOOGLE.COM.
ilr-moj.ac.vn.,
ibt.ac.vn.,mail.ibt.ac.vn.
google.ac.vn.,mr.pavietnam.vn.
igsvn.ac.vn.,mail.igsvn.ac.vn.
ioit-hcm.ac.vn.,
ich.ac.vn.,mail.ich.ac.vn.
igr.ac.vn.,mail.netnam.vn.
iemba.ac.vn.,
hoithaoquocgiacntt.ac.vn.,mail.hoithaoquocgiacntt.ac.vn.
muaban.ac.vn.,
ims.ac.vn.,
iwamsn2012.ac.vn.,
imsvietnam.ac.vn.,
itd.ac.vn.,
imh.ac.vn.,mail.imh.ac.vn.
ioit.ac.vn.,smail.ioit.ac.vn.
jetstar.ac.vn.,
ig-vast.ac.vn.,mail.ig-vast.ac.vn.
muabannhadat.ac.vn.,
raovatmienphi.ac.vn.,
norfor.ac.vn.,
itt.ac.vn.,mail.itt.ac.vn.
itb.ac.vn.,mail93213.maychuemail.com.
iwamsn.ac.vn.,
floorbridge.ac.vn.,spam-gw.exabyte.be.
raovat.ac.vn.,
imer.ac.vn.,mail.netnam.vn.
quangcao.ac.vn.,
iebr.ac.vn.,mail.iebr.ac.vn.
math.ac.vn.,ASPMX.L.GOOGLE.COM.
floorshaver.ac.vn.,mail.floorshaver.ac.vn.
floorprofiler.ac.vn.,spam-gw.exabyte.be.
nacentech.ac.vn.,
smartedu.ac.vn.,
minoru.ac.vn.,
inpc.ac.vn.,ASPMX.L.GOOGLE.COM.
nitra.ac.vn.,
pie.ac.vn.,
shopyenviet.ac.vn.,
resourcesgeography.ac.vn.,
vienkhpl.ac.vn.,
vietnam.ac.vn.,
toyota.ac.vn.,
vast.ac.vn.,mail.netnam.vn.
plasma.ac.vn.,
sd.ac.vn.,
spgmotor.ac.vn.,
vnmn.ac.vn.,mail.vnmn.ac.vn.
vienhoahoc.ac.vn.,mail.vienhoahoc.ac.vn.
tcp.ac.vn.,
thuycong.ac.vn.,ASPMX.L.GOOGLE.COM.
sofri.ac.vn.,
virila.ac.vn.,
tni.ac.vn.,mail.tni.ac.vn.
vatlyungdung.ac.vn.,mail.vatlyungdung.ac.vn.
usbe.ac.vn.,
wasi.ac.vn.,mx.zoho.com.
vienvatly-hcm.ac.vn.,mail.vienvatly-hcm.ac.vn.
vnitt.ac.vn.,mail.vnitt.ac.vn.
viwrr.ac.vn.,
vietcons.ac.vn.,ASPMX.L.GOOGLE.COM.
iapsi.ac.vn.,mail.iapsi.ac.vn.
vpbank.ac.vn.,
vjs.ac.vn.,ASPMX.L.GOOGLE.COM.
vap.ac.vn.,mail.netnam.vn.
vju.ac.vn.,af127.secure.ne.jp.
vtc.ac.vn.,
wallstreetenglish.ac.vn.,
congtythietkeweb.ac.vn.,ASPMX.L.GOOGLE.COM.
chotot.ac.vn.,
vncfm.ac.vn.,mail.vncfm.ac.vn.
modul.ac.vn.,
www.ac.vn.,
nearme.ac.vn.,
verizon.ac.vn.,
spacescooter.ac.vn.,mail.spacescooter.ac.vn.
email.ac.vn.,aspmx.l.google.com.
vienasean.ac.vn.,mail.vienasean.ac.vn.
forex.ac.vn.,forex.ac.vn.
vemaybay.ac.vn.,mail.vemaybay.ac.vn.
olx.ac.vn.,
wacc.ac.vn.,
batdongsan.ac.vn.,
montessori.ac.vn.,
misa.ac.vn.,
360buy.ac.vn.,connection
51buy.ac.vn.,connection
360top.ac.vn.,connection
ce.ac.vn.,connection
chevrolet.ac.vn.,connection
ciscosystems.ac.vn.,connection
hello.ac.vn.,connection
jingdong.ac.vn.,connection
toplife.ac.vn.,connection
va.ac.vn.,connection
vast-hcm.ac.vn.,connection
