bmw.danang.vn.,
chammuseum.danang.vn.,
diff2018.danang.vn.,
bds.danang.vn.,mail.bds.danang.vn.
capquangviettel.danang.vn.,
danang.vn.,
anhcuoidep.danang.vn.,
banhgao.danang.vn.,
cocobay.danang.vn.,mx.zoho.com.
bvntd.danang.vn.,mail.bvntd.danang.vn.
canhomuongthanh.danang.vn.,
diff2017.danang.vn.,
diff2019.danang.vn.,
camera.danang.vn.,
diff2020.danang.vn.,
diff2023.danang.vn.,
dacsan.danang.vn.,
diff2022.danang.vn.,
batdongsan.danang.vn.,mail.batdongsan.danang.vn.
diff2021.danang.vn.,
diff2027.danang.vn.,
dkkd.danang.vn.,
diff2026.danang.vn.,
haisan.danang.vn.,
diff2029.danang.vn.,
congchunghaisam.danang.vn.,mail.congchunghaisam.danang.vn.
diff2024.danang.vn.,
dulichviet.danang.vn.,
diff.danang.vn.,
fpt.danang.vn.,ALT4.ASPMX.L.GOOGLE.COM.
diff2028.danang.vn.,
diff2025.danang.vn.,
diff2030.danang.vn.,
dmc.danang.vn.,mail.dmc.danang.vn.
damynghe.danang.vn.,mr.powernet.vn.
dichvucong.danang.vn.,
fptcity.danang.vn.,
ford.danang.vn.,
fireworks.danang.vn.,
drt.danang.vn.,
dothi.danang.vn.,mail.dothi.danang.vn.
hiv.danang.vn.,mail.hiv.danang.vn.
lapcapquang.danang.vn.,
mangcapquang.danang.vn.,
ketoandc.danang.vn.,mail.ketoandc.danang.vn.
khoinghiep.danang.vn.,ASPMX.L.GOOGLE.COM.
mitsubishi.danang.vn.,
langdanonnuoc.danang.vn.,
sunrisebay.danang.vn.,
dietcontrung.danang.vn.,mail.dietcontrung.danang.vn.
mind.danang.vn.,mx2.zohomail.com.
phaohoaquocte.danang.vn.,
spa.danang.vn.,
nhakhoa.danang.vn.,
oceanpark.danang.vn.,
lapdatcamera.danang.vn.,
muabannhadat.danang.vn.,
oto.danang.vn.,mail.oto.danang.vn.
mbland.danang.vn.,
raovat.danang.vn.,
sharp-thaiviet.danang.vn.,mail.sharp-thaiviet.danang.vn.
thietkeweb.danang.vn.,mx.zoho.com.
shop.danang.vn.,
sungroup.danang.vn.,
sofanhapkhau.danang.vn.,
thuexe.danang.vn.,
vaytinchap.danang.vn.,
vieclam.danang.vn.,mail.vieclam.danang.vn.
sukien.danang.vn.,
thuexemay.danang.vn.,
tourism.danang.vn.,mail.tourism.danang.vn.
traicaysach.danang.vn.,
tour.danang.vn.,mail.tour.danang.vn.
vietnambooking.danang.vn.,
thamtu.danang.vn.,mail.thamtu.danang.vn.
tv.danang.vn.,mail.tv.danang.vn.
viettel.danang.vn.,viettel.danang.vn.
nuocmamnamo.danang.vn.,
tourdulich.danang.vn.,
vinpearlhoian.danang.vn.,
vemaybay.danang.vn.,
vietravel.danang.vn.,
viettravel.danang.vn.,
xedulich.danang.vn.,mx.zoho.com.
web.danang.vn.,
phaohoa.danang.vn.,
website.danang.vn.,
store.danang.vn.,mail.store.danang.vn.
condotel.danang.vn.,mail.condotel.danang.vn.
diaoc.danang.vn.,mail.diaoc.danang.vn.
doremi.danang.vn.,
sontra.danang.vn.,mail.sontra.danang.vn.
startup.danang.vn.,mail.startup.danang.vn.
ttytnguhanhson.danang.vn.,mail.ttytnguhanhson.danang.vn.
ttythaichau.danang.vn.,mail.ttythaichau.danang.vn.
nhadat.danang.vn.,mail.nhadat.danang.vn.
dietmoi.danang.vn.,mail.dietmoi.danang.vn.
dulich.danang.vn.,
adayroi.danang.vn.,mail.adayroi.danang.vn.
khachsan.danang.vn.,
1022.danang.vn.,mail.1022.danang.vn.
news.danang.vn.,mail.news.danang.vn.
smartshop.danang.vn.,
vinhomes.danang.vn.,
internetviettel.danang.vn.,connection
muabanoto.danang.vn.,connection
quangcao.danang.vn.,connection
www.danang.vn.,connection
